Prompt Text,Processing Type
Detect objects in this image.,CV
Detect objects in this image.,CV
Detect objects in this image.,CV
Detect items in this image.,CV
Detect objects in this image.,CV
find objects in this image.,CV
Detect objects in this image.,CV
Detect objects in this image.,CV
Detect objects in this image.,CV
Detect objects in this image.,CV
Detect objects in this image.,CV
spot objects in this image.,CV
Detect objects in this image.,CV
spot objects in this image.,CV
Detect objects in this image.,CV
spot objects in this image.,CV
Detect objects in this image.,CV
identify objects in this image.,CV
Detect objects in this image.,CV
find objects in this image.,CV
Detect objects in this image.,CV
spot objects in this image.,CV
Detect objects in this image.,CV
Detect objects in this image.,CV
Detect objects in this image.,CV
Detect objects in this image.,CV
Detect objects in this image.,CV
Detect objects in this image.,CV
Detect items in this image.,CV
Detect objects in this image.,CV
Detect elements in this image.,CV
Detect objects in this image.,CV
Detect items in this image.,CV
Detect entities in this image.,CV
Detect objects in this image.,CV
Detect objects in this image.,CV
Detect objects in this image.,CV
Detect objects in this image.,CV
Detect objects in this image.,CV
Detect objects in this image.,CV
identify objects in this image.,CV
Detect entities in this image.,CV
Detect objects in this image.,CV
Detect objects in this image.,CV
spot objects in this image.,CV
Detect objects in this image.,CV
identify objects in this image.,CV
Detect objects in this image.,CV
Detect objects in this image.,CV
identify objects in this image.,CV
Detect objects in this image.,CV
Detect entities in this image.,CV
identify objects in this image.,CV
Detect elements in this image.,CV
Detect objects in this image.,CV
Detect objects in this image.,CV
Detect elements in this image.,CV
Detect objects in this image.,CV
Detect objects in this image.,CV
Detect objects in this image.,CV
spot objects in this image.,CV
Detect objects in this image.,CV
Detect objects in this image.,CV
Detect objects in this image.,CV
find objects in this image.,CV
Detect objects in this image.,CV
Detect objects in this image.,CV
Detect items in this image.,CV
Detect objects in this image.,CV
Detect objects in this image.,CV
Detect objects in this image.,CV
Detect objects in this image.,CV
Detect objects in this image.,CV
Detect objects in this image.,CV
Detect objects in this image.,CV
Detect objects in this image.,CV
Detect objects in this image.,CV
Detect objects in this image.,CV
Detect objects in this image.,CV
find objects in this image.,CV
Detect objects in this image.,CV
Detect objects in this image.,CV
Detect objects in this image.,CV
find objects in this image.,CV
Detect objects in this image.,CV
Detect items in this image.,CV
Detect items in this image.,CV
Detect objects in this image.,CV
Detect objects in this image.,CV
Detect objects in this image.,CV
Detect entities in this image.,CV
Detect items in this image.,CV
Detect items in this image.,CV
Detect objects in this image.,CV
spot objects in this image.,CV
Detect entities in this image.,CV
Detect objects in this image.,CV
spot objects in this image.,CV
Detect objects in this image.,CV
Detect objects in this image.,CV
Detect elements in this image.,CV
Detect objects in this image.,CV
Detect elements in this image.,CV
Detect objects in this image.,CV
Detect items in this image.,CV
Detect objects in this image.,CV
Detect objects in this image.,CV
identify objects in this image.,CV
Detect elements in this image.,CV
Detect entities in this image.,CV
Detect elements in this image.,CV
Detect objects in this image.,CV
Detect objects in this image.,CV
Detect objects in this image.,CV
Detect objects in this image.,CV
Detect objects in this image.,CV
Detect objects in this image.,CV
identify objects in this image.,CV
find objects in this image.,CV
Detect objects in this image.,CV
Detect entities in this image.,CV
Detect elements in this image.,CV
Detect objects in this image.,CV
Detect objects in this image.,CV
find objects in this image.,CV
Detect objects in this image.,CV
Detect objects in this image.,CV
spot objects in this image.,CV
Detect objects in this image.,CV
identify objects in this image.,CV
Detect items in this image.,CV
Detect objects in this image.,CV
Detect objects in this image.,CV
Detect objects in this image.,CV
Detect objects in this image.,CV
Detect objects in this image.,CV
spot objects in this image.,CV
Detect objects in this image.,CV
Detect objects in this image.,CV
Detect objects in this image.,CV
Detect elements in this image.,CV
Detect objects in this image.,CV
Detect objects in this image.,CV
Detect objects in this image.,CV
Detect objects in this image.,CV
Detect objects in this image.,CV
spot objects in this image.,CV
Detect objects in this image.,CV
Detect objects in this image.,CV
Detect elements in this image.,CV
Detect objects in this image.,CV
Detect objects in this image.,CV
spot objects in this image.,CV
find objects in this image.,CV
Detect objects in this image.,CV
Detect entities in this image.,CV
Detect items in this image.,CV
Detect objects in this image.,CV
Detect objects in this image.,CV
Detect objects in this image.,CV
Detect objects in this image.,CV
Detect objects in this image.,CV
Detect objects in this image.,CV
spot objects in this image.,CV
Detect objects in this image.,CV
find objects in this image.,CV
Detect objects in this image.,CV
Detect objects in this image.,CV
Detect entities in this image.,CV
Detect entities in this image.,CV
Detect objects in this image.,CV
Detect objects in this image.,CV
find objects in this image.,CV
Detect objects in this image.,CV
Detect objects in this image.,CV
Detect objects in this image.,CV
Detect objects in this image.,CV
Detect entities in this image.,CV
Detect objects in this image.,CV
Detect objects in this image.,CV
find objects in this image.,CV
identify objects in this image.,CV
Detect entities in this image.,CV
Detect objects in this image.,CV
Detect objects in this image.,CV
Detect items in this image.,CV
Detect entities in this image.,CV
Detect items in this image.,CV
spot objects in this image.,CV
Detect entities in this image.,CV
find objects in this image.,CV
Detect entities in this image.,CV
Detect objects in this image.,CV
Detect entities in this image.,CV
Detect objects in this image.,CV
Detect objects in this image.,CV
Detect elements in this image.,CV
Detect objects in this image.,CV
identify objects in this image.,CV
Detect objects in this image.,CV
Detect objects in this image.,CV
Detect objects in this image.,CV
Detect objects in this image.,CV
Detect objects in this image.,CV
identify objects in this image.,CV
Detect objects in this image.,CV
Detect objects in this image.,CV
Detect objects in this image.,CV
Detect objects in this image.,CV
Detect objects in this image.,CV
find objects in this image.,CV
Detect objects in this image.,CV
Detect objects in this image.,CV
spot objects in this image.,CV
Detect objects in this image.,CV
Detect objects in this image.,CV
Detect objects in this image.,CV
Detect objects in this image.,CV
Detect objects in this image.,CV
Detect objects in this image.,CV
Detect objects in this image.,CV
Detect objects in this image.,CV
Detect objects in this image.,CV
Detect entities in this image.,CV
Detect entities in this image.,CV
Detect objects in this image.,CV
Detect objects in this image.,CV
Detect objects in this image.,CV
Detect objects in this image.,CV
find objects in this image.,CV
Detect objects in this image.,CV
Detect objects in this image.,CV
Detect elements in this image.,CV
Detect objects in this image.,CV
Detect elements in this image.,CV
Detect objects in this image.,CV
Detect objects in this image.,CV
find objects in this image.,CV
Detect objects in this image.,CV
Detect objects in this image.,CV
Detect objects in this image.,CV
Detect objects in this image.,CV
Detect objects in this image.,CV
find objects in this image.,CV
spot objects in this image.,CV
Detect elements in this image.,CV
Detect items in this image.,CV
Detect objects in this image.,CV
find objects in this image.,CV
Detect items in this image.,CV
Detect items in this image.,CV
identify objects in this image.,CV
Detect objects in this image.,CV
Detect items in this image.,CV
Detect objects in this image.,CV
Detect objects in this image.,CV
Detect objects in this image.,CV
Detect objects in this image.,CV
Detect elements in this image.,CV
Detect objects in this image.,CV
find objects in this image.,CV
Detect objects in this image.,CV
Detect elements in this image.,CV
Detect entities in this image.,CV
spot objects in this image.,CV
Detect objects in this image.,CV
spot objects in this image.,CV
Detect elements in this image.,CV
find objects in this image.,CV
Detect objects in this image.,CV
identify objects in this image.,CV
find objects in this image.,CV
Detect objects in this image.,CV
find objects in this image.,CV
Detect objects in this image.,CV
Detect entities in this image.,CV
Detect objects in this image.,CV
Detect objects in this image.,CV
Detect objects in this image.,CV
Detect objects in this image.,CV
Detect objects in this image.,CV
identify objects in this image.,CV
Detect objects in this image.,CV
find objects in this image.,CV
Detect objects in this image.,CV
Detect items in this image.,CV
Detect objects in this image.,CV
Detect elements in this image.,CV
identify objects in this image.,CV
Detect objects in this image.,CV
Detect objects in this image.,CV
Detect objects in this image.,CV
spot objects in this image.,CV
Detect objects in this image.,CV
Detect objects in this image.,CV
Detect elements in this image.,CV
Detect objects in this image.,CV
Detect entities in this image.,CV
find objects in this image.,CV
Detect elements in this image.,CV
identify objects in this image.,CV
What is the sentiment of this review?,Text
What is the sentiment of this review?,Text
What is the sentiment of this review?,Text
What is the sentiment of this review?,Text
What is the emotion of this review?,Text
What is the sentiment of this review?,Text
What is the sentiment of this review?,Text
What is the sentiment of this review?,Text
What is the sentiment of this review?,Text
What is the sentiment of this review?,Text
What is the sentiment of this review?,Text
What is the sentiment of this review?,Text
What is the emotion of this review?,Text
What is the sentiment of this review?,Text
What is the sentiment of this review?,Text
What is the sentiment of this review?,Text
What is the sentiment of this review?,Text
What is the sentiment of this review?,Text
What is the sentiment of this review?,Text
What is the sentiment of this review?,Text
What is the sentiment of this review?,Text
What is the sentiment of this review?,Text
What is the opinion of this review?,Text
What is the sentiment of this review?,Text
What is the opinion of this review?,Text
What is the sentiment of this review?,Text
What is the sentiment of this review?,Text
What is the sentiment of this review?,Text
What is the sentiment of this review?,Text
What is the sentiment of this review?,Text
What is the sentiment of this review?,Text
What is the sentiment of this review?,Text
What is the emotion of this review?,Text
What is the opinion of this review?,Text
What is the sentiment of this review?,Text
What is the sentiment of this review?,Text
What is the sentiment of this review?,Text
What is the sentiment of this review?,Text
What is the sentiment of this review?,Text
What is the sentiment of this review?,Text
What is the sentiment of this review?,Text
What is the sentiment of this review?,Text
What is the sentiment of this review?,Text
What is the sentiment of this review?,Text
What is the sentiment of this review?,Text
What is the sentiment of this review?,Text
What is the sentiment of this review?,Text
What is the sentiment of this review?,Text
What is the sentiment of this review?,Text
What is the opinion of this review?,Text
What is the sentiment of this review?,Text
What is the sentiment of this review?,Text
What is the sentiment of this review?,Text
What is the emotion of this review?,Text
What is the sentiment of this review?,Text
What is the sentiment of this review?,Text
What is the sentiment of this review?,Text
What is the sentiment of this review?,Text
What is the sentiment of this review?,Text
What is the sentiment of this review?,Text
What is the sentiment of this review?,Text
What is the sentiment of this review?,Text
What is the sentiment of this review?,Text
What is the sentiment of this review?,Text
What is the sentiment of this review?,Text
What is the sentiment of this review?,Text
What is the sentiment of this review?,Text
What is the sentiment of this review?,Text
What is the sentiment of this review?,Text
What is the opinion of this review?,Text
What is the sentiment of this review?,Text
What is the sentiment of this review?,Text
What is the sentiment of this review?,Text
What is the sentiment of this review?,Text
What is the sentiment of this review?,Text
What is the sentiment of this review?,Text
What is the attitude of this review?,Text
What is the sentiment of this review?,Text
What is the sentiment of this review?,Text
What is the sentiment of this review?,Text
What is the sentiment of this review?,Text
What is the sentiment of this review?,Text
What is the sentiment of this review?,Text
What is the sentiment of this review?,Text
What is the sentiment of this review?,Text
What is the sentiment of this review?,Text
What is the sentiment of this review?,Text
What is the sentiment of this review?,Text
What is the sentiment of this review?,Text
What is the sentiment of this review?,Text
What is the sentiment of this review?,Text
What is the sentiment of this review?,Text
What is the opinion of this review?,Text
What is the sentiment of this review?,Text
What is the sentiment of this review?,Text
What is the sentiment of this review?,Text
What is the sentiment of this review?,Text
What is the sentiment of this review?,Text
What is the sentiment of this review?,Text
What is the sentiment of this review?,Text
What is the sentiment of this review?,Text
What is the sentiment of this review?,Text
What is the sentiment of this review?,Text
What is the sentiment of this review?,Text
What is the sentiment of this review?,Text
What is the sentiment of this review?,Text
What is the sentiment of this review?,Text
What is the sentiment of this review?,Text
What is the sentiment of this review?,Text
What is the sentiment of this review?,Text
What is the sentiment of this review?,Text
What is the sentiment of this review?,Text
What is the sentiment of this review?,Text
What is the sentiment of this review?,Text
What is the sentiment of this review?,Text
What is the opinion of this review?,Text
What is the sentiment of this review?,Text
What is the sentiment of this review?,Text
What is the sentiment of this review?,Text
What is the emotion of this review?,Text
What is the sentiment of this review?,Text
What is the sentiment of this review?,Text
What is the sentiment of this review?,Text
What is the sentiment of this review?,Text
What is the sentiment of this review?,Text
What is the emotion of this review?,Text
What is the sentiment of this review?,Text
What is the sentiment of this review?,Text
What is the opinion of this review?,Text
What is the sentiment of this review?,Text
What is the sentiment of this review?,Text
What is the sentiment of this review?,Text
What is the sentiment of this review?,Text
What is the opinion of this review?,Text
What is the sentiment of this review?,Text
What is the sentiment of this review?,Text
What is the sentiment of this review?,Text
What is the sentiment of this review?,Text
What is the sentiment of this review?,Text
What is the sentiment of this review?,Text
What is the sentiment of this review?,Text
What is the sentiment of this review?,Text
What is the sentiment of this review?,Text
What is the sentiment of this review?,Text
What is the sentiment of this review?,Text
What is the opinion of this review?,Text
What is the sentiment of this review?,Text
What is the sentiment of this review?,Text
What is the sentiment of this review?,Text
What is the sentiment of this review?,Text
What is the sentiment of this review?,Text
What is the sentiment of this review?,Text
What is the sentiment of this review?,Text
What is the emotion of this review?,Text
What is the sentiment of this review?,Text
What is the sentiment of this review?,Text
What is the sentiment of this review?,Text
What is the sentiment of this review?,Text
What is the sentiment of this review?,Text
What is the sentiment of this review?,Text
What is the sentiment of this review?,Text
What is the sentiment of this review?,Text
What is the opinion of this review?,Text
What is the sentiment of this review?,Text
What is the opinion of this review?,Text
What is the opinion of this review?,Text
What is the opinion of this review?,Text
What is the sentiment of this review?,Text
What is the sentiment of this review?,Text
What is the sentiment of this review?,Text
What is the sentiment of this review?,Text
What is the sentiment of this review?,Text
What is the sentiment of this review?,Text
What is the sentiment of this review?,Text
What is the sentiment of this review?,Text
What is the attitude of this review?,Text
What is the sentiment of this review?,Text
What is the sentiment of this review?,Text
What is the opinion of this review?,Text
What is the emotion of this review?,Text
What is the sentiment of this review?,Text
What is the sentiment of this review?,Text
What is the sentiment of this review?,Text
What is the sentiment of this review?,Text
What is the sentiment of this review?,Text
What is the opinion of this review?,Text
What is the sentiment of this review?,Text
What is the attitude of this review?,Text
What is the emotion of this review?,Text
What is the emotion of this review?,Text
What is the sentiment of this review?,Text
What is the sentiment of this review?,Text
What is the sentiment of this review?,Text
What is the sentiment of this review?,Text
What is the sentiment of this review?,Text
What is the sentiment of this review?,Text
What is the sentiment of this review?,Text
What is the attitude of this review?,Text
What is the opinion of this review?,Text
What is the sentiment of this review?,Text
What is the emotion of this review?,Text
What is the attitude of this review?,Text
What is the attitude of this review?,Text
What is the sentiment of this review?,Text
What is the sentiment of this review?,Text
What is the sentiment of this review?,Text
What is the sentiment of this review?,Text
What is the sentiment of this review?,Text
What is the sentiment of this review?,Text
What is the sentiment of this review?,Text
What is the sentiment of this review?,Text
What is the sentiment of this review?,Text
What is the sentiment of this review?,Text
What is the sentiment of this review?,Text
What is the sentiment of this review?,Text
What is the sentiment of this review?,Text
What is the sentiment of this review?,Text
What is the sentiment of this review?,Text
What is the opinion of this review?,Text
What is the sentiment of this review?,Text
What is the sentiment of this review?,Text
What is the emotion of this review?,Text
What is the sentiment of this review?,Text
What is the opinion of this review?,Text
What is the sentiment of this review?,Text
What is the sentiment of this review?,Text
What is the sentiment of this review?,Text
What is the sentiment of this review?,Text
What is the attitude of this review?,Text
What is the sentiment of this review?,Text
What is the sentiment of this review?,Text
What is the sentiment of this review?,Text
What is the sentiment of this review?,Text
What is the attitude of this review?,Text
What is the sentiment of this review?,Text
What is the sentiment of this review?,Text
What is the sentiment of this review?,Text
What is the sentiment of this review?,Text
What is the sentiment of this review?,Text
What is the sentiment of this review?,Text
What is the sentiment of this review?,Text
What is the sentiment of this review?,Text
What is the sentiment of this review?,Text
What is the opinion of this review?,Text
What is the sentiment of this review?,Text
What is the attitude of this review?,Text
What is the sentiment of this review?,Text
What is the sentiment of this review?,Text
What is the attitude of this review?,Text
What is the sentiment of this review?,Text
What is the sentiment of this review?,Text
What is the sentiment of this review?,Text
What is the sentiment of this review?,Text
What is the sentiment of this review?,Text
What is the sentiment of this review?,Text
What is the sentiment of this review?,Text
What is the sentiment of this review?,Text
What is the sentiment of this review?,Text
What is the opinion of this review?,Text
What is the sentiment of this review?,Text
What is the sentiment of this review?,Text
What is the sentiment of this review?,Text
What is the sentiment of this review?,Text
What is the sentiment of this review?,Text
What is the sentiment of this review?,Text
What is the sentiment of this review?,Text
What is the sentiment of this review?,Text
What is the sentiment of this review?,Text
What is the attitude of this review?,Text
What is the sentiment of this review?,Text
What is the sentiment of this review?,Text
What is the sentiment of this review?,Text
What is the sentiment of this review?,Text
What is the sentiment of this review?,Text
What is the sentiment of this review?,Text
What is the sentiment of this review?,Text
What is the sentiment of this review?,Text
What is the sentiment of this review?,Text
What is the sentiment of this review?,Text
What is the sentiment of this review?,Text
What is the attitude of this review?,Text
What is the sentiment of this review?,Text
What is the sentiment of this review?,Text
What is the sentiment of this review?,Text
What is the sentiment of this review?,Text
What is the sentiment of this review?,Text
What is the sentiment of this review?,Text
What is the sentiment of this review?,Text
What is the attitude of this review?,Text
What is the sentiment of this review?,Text
What is the sentiment of this review?,Text
What is the sentiment of this review?,Text
What is the sentiment of this review?,Text
What is the sentiment of this review?,Text
What is the sentiment of this review?,Text
What is the opinion of this review?,Text
What is the sentiment of this review?,Text
What is the sentiment of this review?,Text
What is the sentiment of this review?,Text
What is the attitude of this review?,Text
What is the sentiment of this review?,Text
Segment this image into regions.,CV
Segment this image into regions.,CV
Segment this picture into regions.,Text
Segment this image into regions.,CV
Segment this image into regions.,CV
Segment this image into regions.,CV
Segment this image into regions.,CV
Segment this photograph into regions.,Text
Segment this image into regions.,CV
Segment this image into regions.,CV
Segment this image into regions.,CV
Segment this image into regions.,CV
Segment this image into regions.,CV
Segment this image into regions.,CV
Segment this image into regions.,CV
Segment this image into regions.,CV
Segment this photograph into regions.,Text
Segment this image into regions.,CV
Segment this image into regions.,CV
Segment this image into regions.,CV
Segment this image into regions.,CV
Segment this image into regions.,CV
Segment this image into regions.,CV
Segment this image into regions.,CV
Segment this photograph into regions.,Text
Segment this image into regions.,CV
Segment this photo into regions.,Text
Segment this image into regions.,CV
Segment this image into regions.,CV
Segment this image into regions.,CV
Segment this picture into regions.,Text
Segment this photo into regions.,Text
Segment this image into regions.,CV
Segment this picture into regions.,Text
Segment this image into regions.,CV
Segment this image into regions.,CV
Segment this image into regions.,CV
Segment this picture into regions.,Text
Segment this image into regions.,CV
Segment this image into regions.,CV
Segment this image into regions.,CV
Segment this image into regions.,CV
Segment this image into regions.,CV
Segment this image into regions.,CV
Segment this image into regions.,CV
Segment this image into regions.,CV
Segment this image into regions.,CV
Segment this image into regions.,CV
Segment this image into regions.,CV
Segment this image into regions.,CV
Segment this image into regions.,CV
Segment this image into regions.,CV
Segment this image into regions.,CV
Segment this image into regions.,CV
Segment this image into regions.,CV
Segment this picture into regions.,Text
Segment this image into regions.,CV
Segment this picture into regions.,Text
Segment this image into regions.,CV
Segment this image into regions.,CV
Segment this picture into regions.,Text
Segment this image into regions.,CV
Segment this image into regions.,CV
Segment this image into regions.,CV
Segment this image into regions.,CV
Segment this image into regions.,CV
Segment this photograph into regions.,Text
Segment this image into regions.,CV
Segment this image into regions.,CV
Segment this image into regions.,CV
Segment this image into regions.,CV
Segment this image into regions.,CV
Segment this photograph into regions.,Text
Segment this image into regions.,CV
Segment this image into regions.,CV
Segment this image into regions.,CV
Segment this image into regions.,CV
Segment this image into regions.,CV
Segment this image into regions.,CV
Segment this image into regions.,CV
Segment this image into regions.,CV
Segment this image into regions.,CV
Segment this photograph into regions.,Text
Segment this image into regions.,CV
Segment this picture into regions.,Text
Segment this image into regions.,CV
Segment this image into regions.,CV
Segment this image into regions.,CV
Segment this image into regions.,CV
Segment this photograph into regions.,Text
Segment this image into regions.,CV
Segment this image into regions.,CV
Segment this image into regions.,CV
Segment this image into regions.,CV
Segment this image into regions.,CV
Segment this image into regions.,CV
Segment this image into regions.,CV
Segment this image into regions.,CV
Segment this image into regions.,CV
Segment this image into regions.,CV
Segment this image into regions.,CV
Segment this image into regions.,CV
Segment this image into regions.,CV
Segment this image into regions.,CV
Segment this image into regions.,CV
Segment this image into regions.,CV
Segment this image into regions.,CV
Segment this photo into regions.,Text
Segment this image into regions.,CV
Segment this image into regions.,CV
Segment this photo into regions.,Text
Segment this image into regions.,CV
Segment this image into regions.,CV
Segment this image into regions.,CV
Segment this image into regions.,CV
Segment this image into regions.,CV
Segment this image into regions.,CV
Segment this photograph into regions.,Text
Segment this image into regions.,CV
Segment this image into regions.,CV
Segment this image into regions.,CV
Segment this picture into regions.,Text
Segment this image into regions.,CV
Segment this image into regions.,CV
Segment this image into regions.,CV
Segment this image into regions.,CV
Segment this image into regions.,CV
Segment this image into regions.,CV
Segment this image into regions.,CV
Segment this picture into regions.,Text
Segment this image into regions.,CV
Segment this photograph into regions.,Text
Segment this image into regions.,CV
Segment this image into regions.,CV
Segment this image into regions.,CV
Segment this image into regions.,CV
Segment this image into regions.,CV
Segment this image into regions.,CV
Segment this image into regions.,CV
Segment this image into regions.,CV
Segment this image into regions.,CV
Segment this image into regions.,CV
Segment this image into regions.,CV
Segment this image into regions.,CV
Segment this image into regions.,CV
Segment this image into regions.,CV
Segment this image into regions.,CV
Segment this image into regions.,CV
Segment this image into regions.,CV
Segment this picture into regions.,Text
Segment this image into regions.,CV
Segment this image into regions.,CV
Segment this image into regions.,CV
Segment this image into regions.,CV
Segment this image into regions.,CV
Segment this photo into regions.,Text
Segment this image into regions.,CV
Segment this image into regions.,CV
Segment this image into regions.,CV
Segment this image into regions.,CV
Segment this image into regions.,CV
Segment this image into regions.,CV
Segment this image into regions.,CV
Segment this image into regions.,CV
Segment this image into regions.,CV
Segment this image into regions.,CV
Segment this image into regions.,CV
Segment this image into regions.,CV
Segment this image into regions.,CV
Segment this image into regions.,CV
Segment this image into regions.,CV
Segment this photo into regions.,Text
Segment this image into regions.,CV
Segment this image into regions.,CV
Segment this image into regions.,CV
Segment this image into regions.,CV
Segment this image into regions.,CV
Segment this photograph into regions.,Text
Segment this image into regions.,CV
Segment this image into regions.,CV
Segment this image into regions.,CV
Segment this image into regions.,CV
Segment this image into regions.,CV
Segment this image into regions.,CV
Segment this image into regions.,CV
Segment this image into regions.,CV
Segment this image into regions.,CV
Segment this image into regions.,CV
Segment this picture into regions.,Text
Segment this image into regions.,CV
Segment this image into regions.,CV
Segment this photo into regions.,Text
Segment this image into regions.,CV
Segment this picture into regions.,Text
Segment this image into regions.,CV
Segment this image into regions.,CV
Segment this image into regions.,CV
Segment this image into regions.,CV
Segment this image into regions.,CV
Segment this image into regions.,CV
Segment this image into regions.,CV
Segment this photo into regions.,Text
Segment this image into regions.,CV
Segment this photo into regions.,Text
Segment this image into regions.,CV
Segment this image into regions.,CV
Segment this image into regions.,CV
Segment this image into regions.,CV
Segment this image into regions.,CV
Segment this image into regions.,CV
Segment this photograph into regions.,Text
Segment this image into regions.,CV
Segment this image into regions.,CV
Segment this image into regions.,CV
Segment this image into regions.,CV
Segment this photo into regions.,Text
Segment this image into regions.,CV
Segment this image into regions.,CV
Segment this image into regions.,CV
Segment this image into regions.,CV
Segment this image into regions.,CV
Segment this image into regions.,CV
Segment this image into regions.,CV
Segment this photo into regions.,Text
Segment this image into regions.,CV
Segment this picture into regions.,Text
Segment this image into regions.,CV
Segment this photo into regions.,Text
Segment this image into regions.,CV
Segment this image into regions.,CV
Segment this image into regions.,CV
Segment this image into regions.,CV
Segment this image into regions.,CV
Segment this image into regions.,CV
Segment this image into regions.,CV
Segment this image into regions.,CV
Segment this image into regions.,CV
Segment this image into regions.,CV
Segment this image into regions.,CV
Segment this image into regions.,CV
Segment this image into regions.,CV
Segment this image into regions.,CV
Segment this image into regions.,CV
Segment this image into regions.,CV
Segment this image into regions.,CV
Segment this image into regions.,CV
Segment this picture into regions.,Text
Segment this image into regions.,CV
Segment this image into regions.,CV
Segment this image into regions.,CV
Segment this image into regions.,CV
Segment this image into regions.,CV
Segment this image into regions.,CV
Segment this picture into regions.,Text
Segment this image into regions.,CV
Segment this image into regions.,CV
Segment this image into regions.,CV
Segment this picture into regions.,Text
Segment this image into regions.,CV
Segment this image into regions.,CV
Segment this image into regions.,CV
Segment this image into regions.,CV
Segment this image into regions.,CV
Segment this image into regions.,CV
Segment this photo into regions.,Text
Segment this image into regions.,CV
Segment this image into regions.,CV
Segment this image into regions.,CV
Segment this image into regions.,CV
Segment this image into regions.,CV
Segment this photograph into regions.,Text
Segment this image into regions.,CV
Segment this image into regions.,CV
Segment this picture into regions.,Text
Segment this image into regions.,CV
Segment this image into regions.,CV
Segment this image into regions.,CV
Segment this photograph into regions.,Text
Segment this image into regions.,CV
Segment this image into regions.,CV
Segment this photograph into regions.,Text
Segment this image into regions.,CV
Segment this photo into regions.,Text
Segment this photograph into regions.,Text
Segment this picture into regions.,Text
Segment this image into regions.,CV
Segment this image into regions.,CV
Segment this picture into regions.,Text
Segment this image into regions.,CV
Segment this image into regions.,CV
Segment this image into regions.,CV
Segment this image into regions.,CV
Segment this image into regions.,CV
Segment this image into regions.,CV
Segment this image into regions.,CV
Segment this image into regions.,CV
Segment this image into regions.,CV
Segment this photograph into regions.,Text
Segment this image into regions.,CV
Segment this image into regions.,CV
Segment this picture into regions.,Text
Identify key topics in this document.,Text
Identify key topics in this document.,Text
Identify key topics in this document.,Text
Identify key topics in this document.,Text
Identify key topics in this document.,Text
Identify key topics in this document.,Text
Identify key topics in this document.,Text
Identify key topics in this document.,Text
Identify key topics in this document.,Text
Identify key topics in this document.,Text
Identify key topics in this document.,Text
Identify key topics in this document.,Text
Identify key topics in this document.,Text
Identify key topics in this document.,Text
Identify key topics in this document.,Text
Identify key topics in this document.,Text
Identify key topics in this document.,Text
Identify key topics in this document.,Text
Identify key topics in this document.,Text
Identify key topics in this document.,Text
Identify key topics in this document.,Text
Identify key topics in this document.,Text
Identify key topics in this document.,Text
Identify key topics in this document.,Text
Identify key topics in this document.,Text
Identify key topics in this document.,Text
Identify key topics in this document.,Text
Identify key topics in this document.,Text
Identify key topics in this document.,Text
Identify key topics in this document.,Text
Identify key topics in this document.,Text
Identify key topics in this document.,Text
Identify key topics in this document.,Text
Identify key topics in this document.,Text
Identify key topics in this document.,Text
Identify key topics in this document.,Text
Identify key topics in this document.,Text
Identify key topics in this document.,Text
Identify key topics in this document.,Text
Identify key topics in this document.,Text
Identify key topics in this document.,Text
Identify key topics in this document.,Text
Identify key topics in this document.,Text
Identify key topics in this document.,Text
Identify key topics in this document.,Text
Identify key topics in this document.,Text
Identify key topics in this document.,Text
Identify key topics in this document.,Text
Identify key topics in this document.,Text
Identify key topics in this document.,Text
Identify key topics in this document.,Text
Identify key topics in this document.,Text
Identify key topics in this document.,Text
Identify key topics in this document.,Text
Identify key topics in this document.,Text
Identify key topics in this document.,Text
Identify key topics in this document.,Text
Identify key topics in this document.,Text
Identify key topics in this document.,Text
Identify key topics in this document.,Text
Identify key topics in this document.,Text
Identify key topics in this document.,Text
Identify key topics in this document.,Text
Identify key topics in this document.,Text
Identify key topics in this document.,Text
Identify key topics in this document.,Text
Identify key topics in this document.,Text
Identify key topics in this document.,Text
Identify key topics in this document.,Text
Identify key topics in this document.,Text
Identify key topics in this document.,Text
Identify key topics in this document.,Text
Identify key topics in this document.,Text
Identify key topics in this document.,Text
Identify key topics in this document.,Text
Identify key topics in this document.,Text
Identify key topics in this document.,Text
Identify key topics in this document.,Text
Identify key topics in this document.,Text
Identify key topics in this document.,Text
Identify key topics in this document.,Text
Identify key topics in this document.,Text
Identify key topics in this document.,Text
Identify key topics in this document.,Text
Identify key topics in this document.,Text
Identify key topics in this document.,Text
Identify key topics in this document.,Text
Identify key topics in this document.,Text
Identify key topics in this document.,Text
Identify key topics in this document.,Text
Identify key topics in this document.,Text
Identify key topics in this document.,Text
Identify key topics in this document.,Text
Identify key topics in this document.,Text
Identify key topics in this document.,Text
Identify key topics in this document.,Text
Identify key topics in this document.,Text
Identify key topics in this document.,Text
Identify key topics in this document.,Text
Identify key topics in this document.,Text
Identify key topics in this document.,Text
Identify key topics in this document.,Text
Identify key topics in this document.,Text
Identify key topics in this document.,Text
Identify key topics in this document.,Text
Identify key topics in this document.,Text
Identify key topics in this document.,Text
Identify key topics in this document.,Text
Identify key topics in this document.,Text
Identify key topics in this document.,Text
Identify key topics in this document.,Text
Identify key topics in this document.,Text
Identify key topics in this document.,Text
Identify key topics in this document.,Text
Identify key topics in this document.,Text
Identify key topics in this document.,Text
Identify key topics in this document.,Text
Identify key topics in this document.,Text
Identify key topics in this document.,Text
Identify key topics in this document.,Text
Identify key topics in this document.,Text
Identify key topics in this document.,Text
Identify key topics in this document.,Text
Identify key topics in this document.,Text
Identify key topics in this document.,Text
Identify key topics in this document.,Text
Identify key topics in this document.,Text
Identify key topics in this document.,Text
Identify key topics in this document.,Text
Identify key topics in this document.,Text
Identify key topics in this document.,Text
Identify key topics in this document.,Text
Identify key topics in this document.,Text
Identify key topics in this document.,Text
Identify key topics in this document.,Text
Identify key topics in this document.,Text
Identify key topics in this document.,Text
Identify key topics in this document.,Text
Identify key topics in this document.,Text
Identify key topics in this document.,Text
Identify key topics in this document.,Text
Identify key topics in this document.,Text
Identify key topics in this document.,Text
Identify key topics in this document.,Text
Identify key topics in this document.,Text
Identify key topics in this document.,Text
Identify key topics in this document.,Text
Identify key topics in this document.,Text
Identify key topics in this document.,Text
Identify key topics in this document.,Text
Identify key topics in this document.,Text
Identify key topics in this document.,Text
Identify key topics in this document.,Text
Identify key topics in this document.,Text
Identify key topics in this document.,Text
Identify key topics in this document.,Text
Identify key topics in this document.,Text
Identify key topics in this document.,Text
Identify key topics in this document.,Text
Identify key topics in this document.,Text
Identify key topics in this document.,Text
Identify key topics in this document.,Text
Identify key topics in this document.,Text
Identify key topics in this document.,Text
Identify key topics in this document.,Text
Identify key topics in this document.,Text
Identify key topics in this document.,Text
Identify key topics in this document.,Text
Identify key topics in this document.,Text
Identify key topics in this document.,Text
Identify key topics in this document.,Text
Identify key topics in this document.,Text
Identify key topics in this document.,Text
Identify key topics in this document.,Text
Identify key topics in this document.,Text
Identify key topics in this document.,Text
Identify key topics in this document.,Text
Identify key topics in this document.,Text
Identify key topics in this document.,Text
Identify key topics in this document.,Text
Identify key topics in this document.,Text
Identify key topics in this document.,Text
Identify key topics in this document.,Text
Identify key topics in this document.,Text
Identify key topics in this document.,Text
Identify key topics in this document.,Text
Identify key topics in this document.,Text
Identify key topics in this document.,Text
Identify key topics in this document.,Text
Identify key topics in this document.,Text
Identify key topics in this document.,Text
Identify key topics in this document.,Text
Identify key topics in this document.,Text
Identify key topics in this document.,Text
Identify key topics in this document.,Text
Identify key topics in this document.,Text
Identify key topics in this document.,Text
Identify key topics in this document.,Text
Identify key topics in this document.,Text
Identify key topics in this document.,Text
Identify key topics in this document.,Text
Identify key topics in this document.,Text
Identify key topics in this document.,Text
Identify key topics in this document.,Text
Identify key topics in this document.,Text
Identify key topics in this document.,Text
Identify key topics in this document.,Text
Identify key topics in this document.,Text
Identify key topics in this document.,Text
Identify key topics in this document.,Text
Identify key topics in this document.,Text
Identify key topics in this document.,Text
Identify key topics in this document.,Text
Identify key topics in this document.,Text
Identify key topics in this document.,Text
Identify key topics in this document.,Text
Identify key topics in this document.,Text
Identify key topics in this document.,Text
Identify key topics in this document.,Text
Identify key topics in this document.,Text
Identify key topics in this document.,Text
Identify key topics in this document.,Text
Identify key topics in this document.,Text
Identify key topics in this document.,Text
Identify key topics in this document.,Text
Identify key topics in this document.,Text
Identify key topics in this document.,Text
Identify key topics in this document.,Text
Identify key topics in this document.,Text
Identify key topics in this document.,Text
Identify key topics in this document.,Text
Identify key topics in this document.,Text
Identify key topics in this document.,Text
Identify key topics in this document.,Text
Identify key topics in this document.,Text
Identify key topics in this document.,Text
Identify key topics in this document.,Text
Identify key topics in this document.,Text
Identify key topics in this document.,Text
Identify key topics in this document.,Text
Identify key topics in this document.,Text
Identify key topics in this document.,Text
Identify key topics in this document.,Text
Identify key topics in this document.,Text
Identify key topics in this document.,Text
Identify key topics in this document.,Text
Identify key topics in this document.,Text
Identify key topics in this document.,Text
Identify key topics in this document.,Text
Identify key topics in this document.,Text
Identify key topics in this document.,Text
Identify key topics in this document.,Text
Identify key topics in this document.,Text
Identify key topics in this document.,Text
Identify key topics in this document.,Text
Identify key topics in this document.,Text
Identify key topics in this document.,Text
Identify key topics in this document.,Text
Identify key topics in this document.,Text
Identify key topics in this document.,Text
Identify key topics in this document.,Text
Identify key topics in this document.,Text
Identify key topics in this document.,Text
Identify key topics in this document.,Text
Identify key topics in this document.,Text
Identify key topics in this document.,Text
Identify key topics in this document.,Text
Identify key topics in this document.,Text
Identify key topics in this document.,Text
Identify key topics in this document.,Text
Identify key topics in this document.,Text
Identify key topics in this document.,Text
Identify key topics in this document.,Text
Identify key topics in this document.,Text
Identify key topics in this document.,Text
Identify key topics in this document.,Text
Identify key topics in this document.,Text
Identify key topics in this document.,Text
Identify key topics in this document.,Text
Identify key topics in this document.,Text
Identify key topics in this document.,Text
Identify key topics in this document.,Text
Identify key topics in this document.,Text
Identify key topics in this document.,Text
Identify key topics in this document.,Text
Identify key topics in this document.,Text
Identify key topics in this document.,Text
Identify key topics in this document.,Text
Identify key topics in this document.,Text
Identify key topics in this document.,Text
Identify key topics in this document.,Text
Identify key topics in this document.,Text
Identify key topics in this document.,Text
Identify key topics in this document.,Text
Identify key topics in this document.,Text
Identify key topics in this document.,Text
Identify key topics in this document.,Text
Identify key topics in this document.,Text
Identify key topics in this document.,Text
Identify key topics in this document.,Text
Identify key topics in this document.,Text
Count the number of occurrences of each word.,Text
Count the number of occurrences of each word.,Text
Count the number of occurrences of each word.,Text
Count the number of occurrences of each word.,Text
Count the number of occurrences of each word.,Text
Count the number of occurrences of each word.,Text
Count the number of occurrences of each word.,Text
Count the number of occurrences of each word.,Text
Count the number of occurrences of each word.,Text
Count the number of occurrences of each word.,Text
Count the number of occurrences of each word.,Text
Count the number of occurrences of each word.,Text
Count the number of occurrences of each word.,Text
Count the number of occurrences of each word.,Text
Count the number of occurrences of each word.,Text
Count the number of occurrences of each word.,Text
Count the number of occurrences of each word.,Text
Count the number of occurrences of each word.,Text
Count the number of occurrences of each word.,Text
Count the number of occurrences of each word.,Text
Count the number of occurrences of each word.,Text
Count the number of occurrences of each word.,Text
Count the number of occurrences of each word.,Text
Count the number of occurrences of each word.,Text
Count the number of occurrences of each word.,Text
Count the number of occurrences of each word.,Text
Count the number of occurrences of each word.,Text
Count the number of occurrences of each word.,Text
Count the number of occurrences of each word.,Text
Count the number of occurrences of each word.,Text
Count the number of occurrences of each word.,Text
Count the number of occurrences of each word.,Text
Count the number of occurrences of each word.,Text
Count the number of occurrences of each word.,Text
Count the number of occurrences of each word.,Text
Count the number of occurrences of each word.,Text
Count the number of occurrences of each word.,Text
Count the number of occurrences of each word.,Text
Count the number of occurrences of each word.,Text
Count the number of occurrences of each word.,Text
Count the number of occurrences of each word.,Text
Count the number of occurrences of each word.,Text
Count the number of occurrences of each word.,Text
Count the number of occurrences of each word.,Text
Count the number of occurrences of each word.,Text
Count the number of occurrences of each word.,Text
Count the number of occurrences of each word.,Text
Count the number of occurrences of each word.,Text
Count the number of occurrences of each word.,Text
Count the number of occurrences of each word.,Text
Count the number of occurrences of each word.,Text
Count the number of occurrences of each word.,Text
Count the number of occurrences of each word.,Text
Count the number of occurrences of each word.,Text
Count the number of occurrences of each word.,Text
Count the number of occurrences of each word.,Text
Count the number of occurrences of each word.,Text
Count the number of occurrences of each word.,Text
Count the number of occurrences of each word.,Text
Count the number of occurrences of each word.,Text
Count the number of occurrences of each word.,Text
Count the number of occurrences of each word.,Text
Count the number of occurrences of each word.,Text
Count the number of occurrences of each word.,Text
Count the number of occurrences of each word.,Text
Count the number of occurrences of each word.,Text
Count the number of occurrences of each word.,Text
Count the number of occurrences of each word.,Text
Count the number of occurrences of each word.,Text
Count the number of occurrences of each word.,Text
Count the number of occurrences of each word.,Text
Count the number of occurrences of each word.,Text
Count the number of occurrences of each word.,Text
Count the number of occurrences of each word.,Text
Count the number of occurrences of each word.,Text
Count the number of occurrences of each word.,Text
Count the number of occurrences of each word.,Text
Count the number of occurrences of each word.,Text
Count the number of occurrences of each word.,Text
Count the number of occurrences of each word.,Text
Count the number of occurrences of each word.,Text
Count the number of occurrences of each word.,Text
Count the number of occurrences of each word.,Text
Count the number of occurrences of each word.,Text
Count the number of occurrences of each word.,Text
Count the number of occurrences of each word.,Text
Count the number of occurrences of each word.,Text
Count the number of occurrences of each word.,Text
Count the number of occurrences of each word.,Text
Count the number of occurrences of each word.,Text
Count the number of occurrences of each word.,Text
Count the number of occurrences of each word.,Text
Count the number of occurrences of each word.,Text
Count the number of occurrences of each word.,Text
Count the number of occurrences of each word.,Text
Count the number of occurrences of each word.,Text
Count the number of occurrences of each word.,Text
Count the number of occurrences of each word.,Text
Count the number of occurrences of each word.,Text
Count the number of occurrences of each word.,Text
Count the number of occurrences of each word.,Text
Count the number of occurrences of each word.,Text
Count the number of occurrences of each word.,Text
Count the number of occurrences of each word.,Text
Count the number of occurrences of each word.,Text
Count the number of occurrences of each word.,Text
Count the number of occurrences of each word.,Text
Count the number of occurrences of each word.,Text
Count the number of occurrences of each word.,Text
Count the number of occurrences of each word.,Text
Count the number of occurrences of each word.,Text
Count the number of occurrences of each word.,Text
Count the number of occurrences of each word.,Text
Count the number of occurrences of each word.,Text
Count the number of occurrences of each word.,Text
Count the number of occurrences of each word.,Text
Count the number of occurrences of each word.,Text
Count the number of occurrences of each word.,Text
Count the number of occurrences of each word.,Text
Count the number of occurrences of each word.,Text
Count the number of occurrences of each word.,Text
Count the number of occurrences of each word.,Text
Count the number of occurrences of each word.,Text
Count the number of occurrences of each word.,Text
Count the number of occurrences of each word.,Text
Count the number of occurrences of each word.,Text
Count the number of occurrences of each word.,Text
Count the number of occurrences of each word.,Text
Count the number of occurrences of each word.,Text
Count the number of occurrences of each word.,Text
Count the number of occurrences of each word.,Text
Count the number of occurrences of each word.,Text
Count the number of occurrences of each word.,Text
Count the number of occurrences of each word.,Text
Count the number of occurrences of each word.,Text
Count the number of occurrences of each word.,Text
Count the number of occurrences of each word.,Text
Count the number of occurrences of each word.,Text
Count the number of occurrences of each word.,Text
Count the number of occurrences of each word.,Text
Count the number of occurrences of each word.,Text
Count the number of occurrences of each word.,Text
Count the number of occurrences of each word.,Text
Count the number of occurrences of each word.,Text
Count the number of occurrences of each word.,Text
Count the number of occurrences of each word.,Text
Count the number of occurrences of each word.,Text
Count the number of occurrences of each word.,Text
Count the number of occurrences of each word.,Text
Count the number of occurrences of each word.,Text
Count the number of occurrences of each word.,Text
Count the number of occurrences of each word.,Text
Count the number of occurrences of each word.,Text
Count the number of occurrences of each word.,Text
Count the number of occurrences of each word.,Text
Count the number of occurrences of each word.,Text
Count the number of occurrences of each word.,Text
Count the number of occurrences of each word.,Text
Count the number of occurrences of each word.,Text
Count the number of occurrences of each word.,Text
Count the number of occurrences of each word.,Text
Count the number of occurrences of each word.,Text
Count the number of occurrences of each word.,Text
Count the number of occurrences of each word.,Text
Count the number of occurrences of each word.,Text
Count the number of occurrences of each word.,Text
Count the number of occurrences of each word.,Text
Count the number of occurrences of each word.,Text
Count the number of occurrences of each word.,Text
Count the number of occurrences of each word.,Text
Count the number of occurrences of each word.,Text
Count the number of occurrences of each word.,Text
Count the number of occurrences of each word.,Text
Count the number of occurrences of each word.,Text
Count the number of occurrences of each word.,Text
Count the number of occurrences of each word.,Text
Count the number of occurrences of each word.,Text
Count the number of occurrences of each word.,Text
Count the number of occurrences of each word.,Text
Count the number of occurrences of each word.,Text
Count the number of occurrences of each word.,Text
Count the number of occurrences of each word.,Text
Count the number of occurrences of each word.,Text
Count the number of occurrences of each word.,Text
Count the number of occurrences of each word.,Text
Count the number of occurrences of each word.,Text
Count the number of occurrences of each word.,Text
Count the number of occurrences of each word.,Text
Count the number of occurrences of each word.,Text
Count the number of occurrences of each word.,Text
Count the number of occurrences of each word.,Text
Count the number of occurrences of each word.,Text
Count the number of occurrences of each word.,Text
Count the number of occurrences of each word.,Text
Count the number of occurrences of each word.,Text
Count the number of occurrences of each word.,Text
Count the number of occurrences of each word.,Text
Count the number of occurrences of each word.,Text
Count the number of occurrences of each word.,Text
Count the number of occurrences of each word.,Text
Count the number of occurrences of each word.,Text
Count the number of occurrences of each word.,Text
Count the number of occurrences of each word.,Text
Count the number of occurrences of each word.,Text
Count the number of occurrences of each word.,Text
Count the number of occurrences of each word.,Text
Count the number of occurrences of each word.,Text
Count the number of occurrences of each word.,Text
Count the number of occurrences of each word.,Text
Count the number of occurrences of each word.,Text
Count the number of occurrences of each word.,Text
Count the number of occurrences of each word.,Text
Count the number of occurrences of each word.,Text
Count the number of occurrences of each word.,Text
Count the number of occurrences of each word.,Text
Count the number of occurrences of each word.,Text
Count the number of occurrences of each word.,Text
Count the number of occurrences of each word.,Text
Count the number of occurrences of each word.,Text
Count the number of occurrences of each word.,Text
Count the number of occurrences of each word.,Text
Count the number of occurrences of each word.,Text
Count the number of occurrences of each word.,Text
Count the number of occurrences of each word.,Text
Count the number of occurrences of each word.,Text
Count the number of occurrences of each word.,Text
Count the number of occurrences of each word.,Text
Count the number of occurrences of each word.,Text
Count the number of occurrences of each word.,Text
Count the number of occurrences of each word.,Text
Count the number of occurrences of each word.,Text
Count the number of occurrences of each word.,Text
Count the number of occurrences of each word.,Text
Count the number of occurrences of each word.,Text
Count the number of occurrences of each word.,Text
Count the number of occurrences of each word.,Text
Count the number of occurrences of each word.,Text
Count the number of occurrences of each word.,Text
Count the number of occurrences of each word.,Text
Count the number of occurrences of each word.,Text
Count the number of occurrences of each word.,Text
Count the number of occurrences of each word.,Text
Count the number of occurrences of each word.,Text
Count the number of occurrences of each word.,Text
Count the number of occurrences of each word.,Text
Count the number of occurrences of each word.,Text
Count the number of occurrences of each word.,Text
Count the number of occurrences of each word.,Text
Count the number of occurrences of each word.,Text
Count the number of occurrences of each word.,Text
Count the number of occurrences of each word.,Text
Count the number of occurrences of each word.,Text
Count the number of occurrences of each word.,Text
Count the number of occurrences of each word.,Text
Count the number of occurrences of each word.,Text
Count the number of occurrences of each word.,Text
Count the number of occurrences of each word.,Text
Count the number of occurrences of each word.,Text
Count the number of occurrences of each word.,Text
Count the number of occurrences of each word.,Text
Count the number of occurrences of each word.,Text
Count the number of occurrences of each word.,Text
Count the number of occurrences of each word.,Text
Count the number of occurrences of each word.,Text
Count the number of occurrences of each word.,Text
Count the number of occurrences of each word.,Text
Count the number of occurrences of each word.,Text
Count the number of occurrences of each word.,Text
Count the number of occurrences of each word.,Text
Count the number of occurrences of each word.,Text
Count the number of occurrences of each word.,Text
Count the number of occurrences of each word.,Text
Count the number of occurrences of each word.,Text
Count the number of occurrences of each word.,Text
Count the number of occurrences of each word.,Text
Count the number of occurrences of each word.,Text
Count the number of occurrences of each word.,Text
Count the number of occurrences of each word.,Text
Count the number of occurrences of each word.,Text
Count the number of occurrences of each word.,Text
Count the number of occurrences of each word.,Text
Count the number of occurrences of each word.,Text
Count the number of occurrences of each word.,Text
Count the number of occurrences of each word.,Text
Count the number of occurrences of each word.,Text
Count the number of occurrences of each word.,Text
Count the number of occurrences of each word.,Text
Count the number of occurrences of each word.,Text
Count the number of occurrences of each word.,Text
Count the number of occurrences of each word.,Text
Count the number of occurrences of each word.,Text
Count the number of occurrences of each word.,Text
Count the number of occurrences of each word.,Text
Count the number of occurrences of each word.,Text
Count the number of occurrences of each word.,Text
Count the number of occurrences of each word.,Text
Count the number of occurrences of each word.,Text
Count the number of occurrences of each word.,Text
Count the number of occurrences of each word.,Text
Count the number of occurrences of each word.,Text
Count the number of occurrences of each word.,Text
Classify this image as indoor or outdoor.,CV
Classify this image as indoor or outdoor.,CV
Classify this image as indoor or outdoor.,CV
Classify this image as indoor or outdoor.,CV
Classify this image as indoor or outdoor.,CV
Classify this image as indoor or outdoor.,CV
Classify this image as indoor or outdoor.,CV
Classify this image as indoor or outdoor.,CV
Classify this image as indoor or outdoor.,CV
categorize this image as indoor or outdoor.,CV
Classify this image as indoor or outdoor.,CV
Classify this image as indoor or outdoor.,CV
Classify this photo as indoor or outdoor.,Text
sort this image as indoor or outdoor.,CV
Classify this picture as indoor or outdoor.,Text
Classify this image as indoor or outdoor.,CV
Classify this image as indoor or outdoor.,CV
Classify this photograph as indoor or outdoor.,Text
Classify this image as indoor or outdoor.,CV
Classify this picture as indoor or outdoor.,Text
Classify this image as indoor or outdoor.,CV
Classify this image as indoor or outdoor.,CV
Classify this image as indoor or outdoor.,CV
Classify this image as indoor or outdoor.,CV
Classify this image as indoor or outdoor.,CV
group this image as indoor or outdoor.,CV
Classify this photo as indoor or outdoor.,Text
Classify this image as indoor or outdoor.,CV
sort this image as indoor or outdoor.,CV
Classify this image as indoor or outdoor.,CV
group this image as indoor or outdoor.,CV
Classify this image as indoor or outdoor.,CV
sort this image as indoor or outdoor.,CV
Classify this photograph as indoor or outdoor.,Text
Classify this image as indoor or outdoor.,CV
Classify this image as indoor or outdoor.,CV
Classify this image as indoor or outdoor.,CV
Classify this photo as indoor or outdoor.,Text
Classify this image as indoor or outdoor.,CV
Classify this photo as indoor or outdoor.,Text
Classify this image as indoor or outdoor.,CV
Classify this photo as indoor or outdoor.,Text
Classify this image as indoor or outdoor.,CV
Classify this image as indoor or outdoor.,CV
Classify this image as indoor or outdoor.,CV
Classify this image as indoor or outdoor.,CV
Classify this image as indoor or outdoor.,CV
Classify this image as indoor or outdoor.,CV
Classify this photograph as indoor or outdoor.,Text
Classify this image as indoor or outdoor.,CV
Classify this image as indoor or outdoor.,CV
Classify this photo as indoor or outdoor.,Text
Classify this image as indoor or outdoor.,CV
Classify this picture as indoor or outdoor.,Text
sort this image as indoor or outdoor.,CV
Classify this image as indoor or outdoor.,CV
Classify this image as indoor or outdoor.,CV
Classify this image as indoor or outdoor.,CV
Classify this image as indoor or outdoor.,CV
Classify this image as indoor or outdoor.,CV
group this image as indoor or outdoor.,CV
sort this image as indoor or outdoor.,CV
Classify this image as indoor or outdoor.,CV
Classify this image as indoor or outdoor.,CV
Classify this image as indoor or outdoor.,CV
Classify this image as indoor or outdoor.,CV
Classify this image as indoor or outdoor.,CV
Classify this image as indoor or outdoor.,CV
categorize this image as indoor or outdoor.,CV
Classify this image as indoor or outdoor.,CV
Classify this image as indoor or outdoor.,CV
Classify this photograph as indoor or outdoor.,Text
Classify this image as indoor or outdoor.,CV
Classify this image as indoor or outdoor.,CV
Classify this image as indoor or outdoor.,CV
Classify this image as indoor or outdoor.,CV
Classify this image as indoor or outdoor.,CV
Classify this image as indoor or outdoor.,CV
group this image as indoor or outdoor.,CV
sort this image as indoor or outdoor.,CV
Classify this image as indoor or outdoor.,CV
categorize this image as indoor or outdoor.,CV
Classify this image as indoor or outdoor.,CV
Classify this photo as indoor or outdoor.,Text
Classify this image as indoor or outdoor.,CV
Classify this image as indoor or outdoor.,CV
sort this image as indoor or outdoor.,CV
Classify this image as indoor or outdoor.,CV
Classify this image as indoor or outdoor.,CV
Classify this image as indoor or outdoor.,CV
sort this image as indoor or outdoor.,CV
Classify this picture as indoor or outdoor.,Text
Classify this image as indoor or outdoor.,CV
Classify this image as indoor or outdoor.,CV
Classify this image as indoor or outdoor.,CV
sort this image as indoor or outdoor.,CV
Classify this image as indoor or outdoor.,CV
Classify this image as indoor or outdoor.,CV
Classify this image as indoor or outdoor.,CV
Classify this image as indoor or outdoor.,CV
sort this image as indoor or outdoor.,CV
Classify this picture as indoor or outdoor.,Text
Classify this image as indoor or outdoor.,CV
Classify this image as indoor or outdoor.,CV
Classify this image as indoor or outdoor.,CV
group this image as indoor or outdoor.,CV
sort this image as indoor or outdoor.,CV
Classify this image as indoor or outdoor.,CV
group this image as indoor or outdoor.,CV
Classify this photo as indoor or outdoor.,Text
Classify this image as indoor or outdoor.,CV
Classify this photograph as indoor or outdoor.,Text
Classify this image as indoor or outdoor.,CV
Classify this photograph as indoor or outdoor.,Text
categorize this image as indoor or outdoor.,CV
Classify this image as indoor or outdoor.,CV
sort this image as indoor or outdoor.,CV
Classify this image as indoor or outdoor.,CV
Classify this image as indoor or outdoor.,CV
Classify this picture as indoor or outdoor.,Text
Classify this image as indoor or outdoor.,CV
sort this image as indoor or outdoor.,CV
Classify this image as indoor or outdoor.,CV
Classify this picture as indoor or outdoor.,Text
Classify this picture as indoor or outdoor.,Text
sort this image as indoor or outdoor.,CV
Classify this image as indoor or outdoor.,CV
Classify this image as indoor or outdoor.,CV
Classify this picture as indoor or outdoor.,Text
Classify this image as indoor or outdoor.,CV
Classify this image as indoor or outdoor.,CV
Classify this image as indoor or outdoor.,CV
Classify this image as indoor or outdoor.,CV
Classify this photo as indoor or outdoor.,Text
Classify this image as indoor or outdoor.,CV
Classify this image as indoor or outdoor.,CV
Classify this image as indoor or outdoor.,CV
Classify this image as indoor or outdoor.,CV
Classify this image as indoor or outdoor.,CV
Classify this image as indoor or outdoor.,CV
Classify this image as indoor or outdoor.,CV
Classify this image as indoor or outdoor.,CV
Classify this image as indoor or outdoor.,CV
Classify this image as indoor or outdoor.,CV
Classify this image as indoor or outdoor.,CV
group this image as indoor or outdoor.,CV
Classify this photo as indoor or outdoor.,Text
Classify this image as indoor or outdoor.,CV
Classify this photo as indoor or outdoor.,Text
Classify this image as indoor or outdoor.,CV
Classify this image as indoor or outdoor.,CV
Classify this image as indoor or outdoor.,CV
Classify this image as indoor or outdoor.,CV
Classify this photograph as indoor or outdoor.,Text
Classify this image as indoor or outdoor.,CV
Classify this photograph as indoor or outdoor.,Text
Classify this image as indoor or outdoor.,CV
Classify this image as indoor or outdoor.,CV
Classify this image as indoor or outdoor.,CV
Classify this image as indoor or outdoor.,CV
Classify this picture as indoor or outdoor.,Text
categorize this image as indoor or outdoor.,CV
Classify this image as indoor or outdoor.,CV
Classify this image as indoor or outdoor.,CV
Classify this image as indoor or outdoor.,CV
Classify this photograph as indoor or outdoor.,Text
Classify this image as indoor or outdoor.,CV
Classify this image as indoor or outdoor.,CV
Classify this image as indoor or outdoor.,CV
Classify this image as indoor or outdoor.,CV
sort this image as indoor or outdoor.,CV
Classify this image as indoor or outdoor.,CV
Classify this image as indoor or outdoor.,CV
Classify this image as indoor or outdoor.,CV
Classify this image as indoor or outdoor.,CV
Classify this image as indoor or outdoor.,CV
Classify this image as indoor or outdoor.,CV
Classify this image as indoor or outdoor.,CV
Classify this image as indoor or outdoor.,CV
categorize this image as indoor or outdoor.,CV
Classify this image as indoor or outdoor.,CV
Classify this image as indoor or outdoor.,CV
Classify this image as indoor or outdoor.,CV
group this image as indoor or outdoor.,CV
sort this image as indoor or outdoor.,CV
Classify this picture as indoor or outdoor.,Text
group this image as indoor or outdoor.,CV
Classify this image as indoor or outdoor.,CV
Classify this image as indoor or outdoor.,CV
group this image as indoor or outdoor.,CV
Classify this image as indoor or outdoor.,CV
Classify this image as indoor or outdoor.,CV
Classify this image as indoor or outdoor.,CV
Classify this image as indoor or outdoor.,CV
Classify this image as indoor or outdoor.,CV
Classify this image as indoor or outdoor.,CV
Classify this image as indoor or outdoor.,CV
Classify this image as indoor or outdoor.,CV
Classify this image as indoor or outdoor.,CV
Classify this image as indoor or outdoor.,CV
Classify this image as indoor or outdoor.,CV
Classify this image as indoor or outdoor.,CV
Classify this image as indoor or outdoor.,CV
Classify this image as indoor or outdoor.,CV
Classify this image as indoor or outdoor.,CV
Classify this image as indoor or outdoor.,CV
Classify this image as indoor or outdoor.,CV
group this image as indoor or outdoor.,CV
Classify this picture as indoor or outdoor.,Text
Classify this image as indoor or outdoor.,CV
Classify this image as indoor or outdoor.,CV
group this image as indoor or outdoor.,CV
Classify this image as indoor or outdoor.,CV
Classify this image as indoor or outdoor.,CV
Classify this image as indoor or outdoor.,CV
Classify this photo as indoor or outdoor.,Text
Classify this photo as indoor or outdoor.,Text
Classify this image as indoor or outdoor.,CV
Classify this image as indoor or outdoor.,CV
Classify this image as indoor or outdoor.,CV
Classify this image as indoor or outdoor.,CV
Classify this image as indoor or outdoor.,CV
categorize this image as indoor or outdoor.,CV
Classify this image as indoor or outdoor.,CV
Classify this image as indoor or outdoor.,CV
Classify this image as indoor or outdoor.,CV
categorize this image as indoor or outdoor.,CV
Classify this photograph as indoor or outdoor.,Text
Classify this image as indoor or outdoor.,CV
Classify this photo as indoor or outdoor.,Text
Classify this image as indoor or outdoor.,CV
Classify this image as indoor or outdoor.,CV
sort this image as indoor or outdoor.,CV
Classify this image as indoor or outdoor.,CV
Classify this image as indoor or outdoor.,CV
group this image as indoor or outdoor.,CV
Classify this image as indoor or outdoor.,CV
Classify this image as indoor or outdoor.,CV
Classify this image as indoor or outdoor.,CV
Classify this image as indoor or outdoor.,CV
Classify this image as indoor or outdoor.,CV
Classify this image as indoor or outdoor.,CV
Classify this image as indoor or outdoor.,CV
Classify this image as indoor or outdoor.,CV
categorize this image as indoor or outdoor.,CV
Classify this image as indoor or outdoor.,CV
Classify this image as indoor or outdoor.,CV
sort this image as indoor or outdoor.,CV
Classify this image as indoor or outdoor.,CV
group this image as indoor or outdoor.,CV
Classify this image as indoor or outdoor.,CV
Classify this image as indoor or outdoor.,CV
Classify this image as indoor or outdoor.,CV
Classify this photo as indoor or outdoor.,Text
Classify this image as indoor or outdoor.,CV
Classify this picture as indoor or outdoor.,Text
Classify this image as indoor or outdoor.,CV
Classify this image as indoor or outdoor.,CV
Classify this image as indoor or outdoor.,CV
sort this image as indoor or outdoor.,CV
Classify this image as indoor or outdoor.,CV
Classify this picture as indoor or outdoor.,Text
Classify this photo as indoor or outdoor.,Text
Classify this image as indoor or outdoor.,CV
Classify this image as indoor or outdoor.,CV
Classify this image as indoor or outdoor.,CV
sort this image as indoor or outdoor.,CV
Classify this image as indoor or outdoor.,CV
Classify this image as indoor or outdoor.,CV
Classify this image as indoor or outdoor.,CV
Classify this image as indoor or outdoor.,CV
Classify this picture as indoor or outdoor.,Text
sort this image as indoor or outdoor.,CV
sort this image as indoor or outdoor.,CV
Classify this picture as indoor or outdoor.,Text
Classify this picture as indoor or outdoor.,Text
Classify this image as indoor or outdoor.,CV
categorize this image as indoor or outdoor.,CV
categorize this image as indoor or outdoor.,CV
Classify this image as indoor or outdoor.,CV
Classify this image as indoor or outdoor.,CV
group this image as indoor or outdoor.,CV
Classify this photograph as indoor or outdoor.,Text
Classify this image as indoor or outdoor.,CV
Classify this image as indoor or outdoor.,CV
categorize this image as indoor or outdoor.,CV
Classify this image as indoor or outdoor.,CV
Classify this image as indoor or outdoor.,CV
Classify this picture as indoor or outdoor.,Text
Classify this image as indoor or outdoor.,CV
Classify this image as indoor or outdoor.,CV
Classify this photo as indoor or outdoor.,Text
categorize this image as indoor or outdoor.,CV
Classify this photograph as indoor or outdoor.,Text
Classify this image as indoor or outdoor.,CV
Classify this photograph as indoor or outdoor.,Text
sort this image as indoor or outdoor.,CV
Classify this image as indoor or outdoor.,CV
Classify this photo as indoor or outdoor.,Text
Classify this image as indoor or outdoor.,CV
Classify this image as indoor or outdoor.,CV
